{"loss": {"train": [0.3598323032251998, 0.07883663382778354, 0.05137781533938862, 0.04132066843018476, 0.03356856761921221, 0.02732770813421519, 0.02190947264575882, 0.01950271921813178, 0.016905067320257774, 0.01494339889864614], "valid": [2.303265951856782, 0.08070874666865868, 0.05362219574472195, 0.04038198447868794, 0.03191925508642121, 0.030272214844398484, 0.025156728908584655, 0.02496561847326546, 0.02765107910514255, 0.0257753713345273]}, "accuracy": {"train": [89.41333333333333, 97.52166666666666, 98.42666666666666, 98.7, 98.98333333333333, 99.17, 99.31333333333333, 99.38833333333334, 99.45333333333333, 99.53], "valid": [9.58, 97.57, 98.22, 98.68, 98.82, 98.95, 99.13, 99.24, 99.0, 99.2]}}